--
-- PostgreSQL database dump
--

-- Dumped from database version 9.6.6
-- Dumped by pg_dump version 9.6.6

-- Started on 2018-02-12 14:13:58 EET

SET statement_timeout = 0;
SET lock_timeout = 0;
SET idle_in_transaction_session_timeout = 0;
SET client_encoding = 'UTF8';
SET standard_conforming_strings = on;
SET check_function_bodies = false;
SET client_min_messages = warning;
SET row_security = off;

--
-- TOC entry 13 (class 2615 OID 41346)
-- Name: common; Type: SCHEMA; Schema: -; Owner: postgres
--

CREATE SCHEMA common;


ALTER SCHEMA common OWNER TO postgres;

--
-- TOC entry 8 (class 2615 OID 41347)
-- Name: pgunit; Type: SCHEMA; Schema: -; Owner: postgres
--

CREATE SCHEMA pgunit;


ALTER SCHEMA pgunit OWNER TO postgres;

--
-- TOC entry 10 (class 2615 OID 41348)
-- Name: tests; Type: SCHEMA; Schema: -; Owner: postgres
--

CREATE SCHEMA tests;


ALTER SCHEMA tests OWNER TO postgres;

--
-- TOC entry 2 (class 3079 OID 13350)
-- Name: plpgsql; Type: EXTENSION; Schema: -; Owner: 
--

CREATE EXTENSION IF NOT EXISTS plpgsql WITH SCHEMA pg_catalog;


--
-- TOC entry 3178 (class 0 OID 0)
-- Dependencies: 2
-- Name: EXTENSION plpgsql; Type: COMMENT; Schema: -; Owner: 
--

COMMENT ON EXTENSION plpgsql IS 'PL/pgSQL procedural language';


--
-- TOC entry 1 (class 3079 OID 41349)
-- Name: adminpack; Type: EXTENSION; Schema: -; Owner: 
--

CREATE EXTENSION IF NOT EXISTS adminpack WITH SCHEMA pg_catalog;


--
-- TOC entry 3179 (class 0 OID 0)
-- Dependencies: 1
-- Name: EXTENSION adminpack; Type: COMMENT; Schema: -; Owner: 
--

COMMENT ON EXTENSION adminpack IS 'administrative functions for PostgreSQL';


--
-- TOC entry 5 (class 3079 OID 41358)
-- Name: pldbgapi; Type: EXTENSION; Schema: -; Owner: 
--

CREATE EXTENSION IF NOT EXISTS pldbgapi WITH SCHEMA public;


--
-- TOC entry 3180 (class 0 OID 0)
-- Dependencies: 5
-- Name: EXTENSION pldbgapi; Type: COMMENT; Schema: -; Owner: 
--

COMMENT ON EXTENSION pldbgapi IS 'server-side support for debugging PL/pgSQL functions';


--
-- TOC entry 4 (class 3079 OID 41395)
-- Name: plpgsql_check; Type: EXTENSION; Schema: -; Owner: 
--

CREATE EXTENSION IF NOT EXISTS plpgsql_check WITH SCHEMA public;


--
-- TOC entry 3181 (class 0 OID 0)
-- Dependencies: 4
-- Name: EXTENSION plpgsql_check; Type: COMMENT; Schema: -; Owner: 
--

COMMENT ON EXTENSION plpgsql_check IS 'extended check for plpgsql functions';


--
-- TOC entry 3 (class 3079 OID 41400)
-- Name: uuid-ossp; Type: EXTENSION; Schema: -; Owner: 
--

CREATE EXTENSION IF NOT EXISTS "uuid-ossp" WITH SCHEMA public;


--
-- TOC entry 3182 (class 0 OID 0)
-- Dependencies: 3
-- Name: EXTENSION "uuid-ossp"; Type: COMMENT; Schema: -; Owner: 
--

COMMENT ON EXTENSION "uuid-ossp" IS 'generate universally unique identifiers (UUIDs)';


SET search_path = common, pg_catalog;

--
-- TOC entry 640 (class 1247 OID 41411)
-- Name: quantity; Type: DOMAIN; Schema: common; Owner: postgres
--

CREATE DOMAIN quantity AS numeric(20,4) DEFAULT 0
	CONSTRAINT quantity_is_positive CHECK ((VALUE >= (0)::numeric));


ALTER DOMAIN quantity OWNER TO postgres;

--
-- TOC entry 3183 (class 0 OID 0)
-- Dependencies: 640
-- Name: DOMAIN quantity; Type: COMMENT; Schema: common; Owner: postgres
--

COMMENT ON DOMAIN quantity IS 'quantity domain';


--
-- TOC entry 642 (class 1247 OID 41413)
-- Name: quantity_signed; Type: DOMAIN; Schema: common; Owner: postgres
--

CREATE DOMAIN quantity_signed AS numeric(20,4) DEFAULT 0;


ALTER DOMAIN quantity_signed OWNER TO postgres;

--
-- TOC entry 3184 (class 0 OID 0)
-- Dependencies: 642
-- Name: DOMAIN quantity_signed; Type: COMMENT; Schema: common; Owner: postgres
--

COMMENT ON DOMAIN quantity_signed IS 'quantity signed domain';


SET search_path = pgunit, pg_catalog;

--
-- TOC entry 247 (class 1255 OID 41414)
-- Name: assert_array_equals(anyelement, anyelement, character varying); Type: FUNCTION; Schema: pgunit; Owner: postgres
--

CREATE FUNCTION assert_array_equals(_expected anyelement, _actual anyelement, _message character varying) RETURNS void
    LANGUAGE plpgsql
    AS $$
BEGIN
  IF _expected IS NULL THEN
    RAISE EXCEPTION '#incorrect_expected_value NULL';
  END IF;
  IF NOT (_expected::varchar[] @> _actual::varchar[] AND _actual::varchar[] @> _expected::varchar[])
     OR _actual IS NULL
     OR (array_dims(_expected) <> array_dims(_actual))
  THEN
    RAISE EXCEPTION E'#assert_array_equals\n%\nExpected: %\nActual: %', _message, _expected, _actual;
  END IF;
END;
$$;


ALTER FUNCTION pgunit.assert_array_equals(_expected anyelement, _actual anyelement, _message character varying) OWNER TO postgres;

--
-- TOC entry 248 (class 1255 OID 41415)
-- Name: assert_equals(anyelement, anyelement, character varying); Type: FUNCTION; Schema: pgunit; Owner: postgres
--

CREATE FUNCTION assert_equals(_expected anyelement, _actual anyelement, _message character varying) RETURNS void
    LANGUAGE plpgsql
    AS $$
BEGIN
  IF _expected IS NULL THEN
    RAISE EXCEPTION '#incorrect_expected_value NULL';
  END IF;
  IF _expected IS DISTINCT FROM _actual THEN
    RAISE EXCEPTION E'#assert_equals\n%\nExpected: %\nActual: %', _message, _expected, _actual;
  END IF;
END;
$$;


ALTER FUNCTION pgunit.assert_equals(_expected anyelement, _actual anyelement, _message character varying) OWNER TO postgres;

--
-- TOC entry 249 (class 1255 OID 41416)
-- Name: assert_false(boolean, character varying); Type: FUNCTION; Schema: pgunit; Owner: postgres
--

CREATE FUNCTION assert_false(_value boolean, _message character varying) RETURNS void
    LANGUAGE plpgsql
    AS $$
BEGIN
  IF _value OR _value IS NULL THEN
    RAISE EXCEPTION E'#assert_false\n%\nValue: %', _message, _value;
  END IF;
END;
$$;


ALTER FUNCTION pgunit.assert_false(_value boolean, _message character varying) OWNER TO postgres;

--
-- TOC entry 250 (class 1255 OID 41417)
-- Name: assert_not_equals(anyelement, anyelement, character varying); Type: FUNCTION; Schema: pgunit; Owner: postgres
--

CREATE FUNCTION assert_not_equals(_expected anyelement, _actual anyelement, _message character varying) RETURNS void
    LANGUAGE plpgsql
    AS $$
BEGIN
  IF _expected IS NULL THEN
    RAISE EXCEPTION '#incorrect_expected_value NULL';
  END IF;
  IF _expected IS NOT DISTINCT FROM _actual THEN
    RAISE EXCEPTION E'#assert_not_equals\n%\nExpected: %\nActual: %', _message, _expected, _actual;
  END IF;
END;
$$;


ALTER FUNCTION pgunit.assert_not_equals(_expected anyelement, _actual anyelement, _message character varying) OWNER TO postgres;

--
-- TOC entry 251 (class 1255 OID 41418)
-- Name: assert_not_null(anyelement, character varying); Type: FUNCTION; Schema: pgunit; Owner: postgres
--

CREATE FUNCTION assert_not_null(_value anyelement, _message character varying) RETURNS void
    LANGUAGE plpgsql
    AS $$
BEGIN
  IF _value IS NULL THEN
    RAISE EXCEPTION E'#assert_not_null\n%', _message;
  END IF;
END;
$$;


ALTER FUNCTION pgunit.assert_not_null(_value anyelement, _message character varying) OWNER TO postgres;

--
-- TOC entry 252 (class 1255 OID 41419)
-- Name: assert_null(anyelement, character varying); Type: FUNCTION; Schema: pgunit; Owner: postgres
--

CREATE FUNCTION assert_null(_value anyelement, _message character varying) RETURNS void
    LANGUAGE plpgsql
    AS $$
BEGIN
  IF _value IS NOT NULL THEN
    RAISE EXCEPTION E'#assert_null\n%\nValue: %', _message, _value;
  END IF;
END;
$$;


ALTER FUNCTION pgunit.assert_null(_value anyelement, _message character varying) OWNER TO postgres;

--
-- TOC entry 253 (class 1255 OID 41420)
-- Name: assert_true(boolean, character varying); Type: FUNCTION; Schema: pgunit; Owner: postgres
--

CREATE FUNCTION assert_true(_value boolean, _message character varying) RETURNS void
    LANGUAGE plpgsql
    AS $$
BEGIN
  IF NOT _value OR _value IS NULL THEN
    RAISE EXCEPTION E'#assert_true\n%\nValue: %', _message, _value;
  END IF;
END;
$$;


ALTER FUNCTION pgunit.assert_true(_value boolean, _message character varying) OWNER TO postgres;

--
-- TOC entry 254 (class 1255 OID 41421)
-- Name: fail(character varying); Type: FUNCTION; Schema: pgunit; Owner: postgres
--

CREATE FUNCTION fail(_message character varying) RETURNS void
    LANGUAGE plpgsql
    AS $$
BEGIN
  RAISE EXCEPTION E'#fail\n%', _message;
END;
$$;


ALTER FUNCTION pgunit.fail(_message character varying) OWNER TO postgres;

--
-- TOC entry 255 (class 1255 OID 41422)
-- Name: run_test(character varying); Type: FUNCTION; Schema: pgunit; Owner: postgres
--

CREATE FUNCTION run_test(_sp character varying) RETURNS character varying
    LANGUAGE plpgsql
    AS $$
BEGIN
  EXECUTE 'SELECT ' || _sp;
  RAISE EXCEPTION '#OK';
EXCEPTION
  WHEN others THEN
    RETURN SQLERRM;
END;
$$;


ALTER FUNCTION pgunit.run_test(_sp character varying) OWNER TO postgres;

--
-- TOC entry 256 (class 1255 OID 41423)
-- Name: test_assert_array_equals(); Type: FUNCTION; Schema: pgunit; Owner: postgres
--

CREATE FUNCTION test_assert_array_equals() RETURNS void
    LANGUAGE plpgsql
    AS $$
DECLARE
  _message  varchar;
BEGIN
  _message := 'qazwsxedc';

  -- EMPTY ARRAYS

  PERFORM pgunit.assert_array_equals('{}'::varchar[], '{}'::varchar[], _message);

  BEGIN
    PERFORM pgunit.assert_array_equals('{}'::varchar[], array['1']::varchar[], _message);
    RAISE EXCEPTION 'Epic fail. Line: 18';
  EXCEPTION
    WHEN others THEN
      IF SQLERRM NOT ILIKE E'#assert_array_equals\n%' THEN
        RAISE;
      END IF;
  END;

  BEGIN
    PERFORM pgunit.assert_array_equals(array['1']::varchar[], '{}'::varchar[], _message);
    RAISE EXCEPTION 'Epic fail. Line: 28';
  EXCEPTION
    WHEN others THEN
      IF SQLERRM NOT ILIKE E'#assert_array_equals\n%' THEN
        RAISE;
      END IF;
  END;

  BEGIN
    PERFORM pgunit.assert_array_equals(array['1']::varchar[], NULL::varchar[], _message);
    RAISE EXCEPTION 'Epic fail. Line: 38';
  EXCEPTION
    WHEN others THEN
      IF SQLERRM NOT ILIKE E'#assert_array_equals\n%' THEN
        RAISE;
      END IF;
  END;

  BEGIN
    PERFORM pgunit.assert_array_equals('{}'::varchar[], NULL::varchar[], _message);
    RAISE EXCEPTION 'Epic fail. Line: 48';
  EXCEPTION
    WHEN others THEN
      IF SQLERRM NOT ILIKE E'#assert_array_equals\n%' THEN
        RAISE;
      END IF;
  END;

  BEGIN
    PERFORM pgunit.assert_array_equals(NULL::varchar[], array['1']::varchar[], _message);
    RAISE EXCEPTION 'Epic fail. Line: 58';
  EXCEPTION
    WHEN others THEN
      IF SQLERRM NOT ILIKE E'#incorrect_expected_value %' THEN
        RAISE;
      END IF;
  END;

  -- UNARY ARRAY

  PERFORM pgunit.assert_array_equals(array['1']::varchar[], array['1']::varchar[], _message);

  BEGIN
    PERFORM pgunit.assert_array_equals(array['2']::varchar[], array['1']::varchar[], _message);
    RAISE EXCEPTION 'Epic fail. Line: 72';
  EXCEPTION
    WHEN others THEN
      IF SQLERRM NOT ILIKE E'#assert_array_equals\n%' THEN
        RAISE;
      END IF;
  END;

  -- ARRAYS

  PERFORM pgunit.assert_array_equals(array['1', '2']::varchar[], array['1', '2']::varchar[], _message);
  PERFORM pgunit.assert_array_equals(array['2', '1']::varchar[], array['1', '2']::varchar[], _message);
  PERFORM pgunit.assert_array_equals(array['1', '2', '3']::varchar[], array['1', '3', '2']::varchar[], _message);


  BEGIN
    PERFORM pgunit.assert_array_equals(array['1', '2', '3']::varchar[], array['1', '3', '2', '2']::varchar[], _message);
    RAISE EXCEPTION 'Epic fail. Line: 77';
  EXCEPTION
  WHEN others THEN
    IF SQLERRM NOT ILIKE E'#assert_array_equals\n%' THEN
      RAISE;
    END IF;
  END;


  BEGIN
    PERFORM pgunit.assert_array_equals(array['1', '2', '3']::varchar[], array['1', '2', '2']::varchar[], _message);
    RAISE EXCEPTION 'Epic fail. Line: 89';
  EXCEPTION
    WHEN others THEN
      IF SQLERRM NOT ILIKE E'#assert_array_equals\n%' THEN
        RAISE;
      END IF;
  END;

  BEGIN
    PERFORM pgunit.assert_array_equals(array['1', '2', '3']::varchar[], array['4', '5', '6']::varchar[], _message);
    RAISE EXCEPTION 'Epic fail. Line: 99';
  EXCEPTION
    WHEN others THEN
      IF SQLERRM NOT ILIKE E'#assert_array_equals\n%' THEN
        RAISE;
      END IF;
  END;
END;
$$;


ALTER FUNCTION pgunit.test_assert_array_equals() OWNER TO postgres;

--
-- TOC entry 257 (class 1255 OID 41424)
-- Name: test_assert_equals(); Type: FUNCTION; Schema: pgunit; Owner: postgres
--

CREATE FUNCTION test_assert_equals() RETURNS void
    LANGUAGE plpgsql
    AS $$
DECLARE

  _message  varchar;
BEGIN
  _message := 'qazwsxedc';

  -- INT

  PERFORM pgunit.assert_equals(1::int, 1::int, _message);

  BEGIN
    PERFORM pgunit.assert_equals(1::int, 2::int, _message);
    RAISE EXCEPTION 'Epic fail. Line: 18';
  EXCEPTION
    WHEN others THEN
      IF SQLERRM NOT ILIKE E'#assert_equals\n%' THEN
        RAISE;
      END IF;
  END;

  BEGIN
    PERFORM pgunit.assert_equals(1::int, NULL::int, _message);
    RAISE EXCEPTION 'Epic fail. Line: 28';
  EXCEPTION
    WHEN others THEN
      IF SQLERRM NOT ILIKE E'#assert_equals\n%' THEN
        RAISE;
      END IF;
  END;

  -- INT8

  PERFORM pgunit.assert_equals(1::int8, 1::int8, _message);

  BEGIN
    PERFORM pgunit.assert_equals(1::int8, 2::int8, _message);
    RAISE EXCEPTION 'Epic fail. Line: 42';
  EXCEPTION
    WHEN others THEN
      IF SQLERRM NOT ILIKE E'#assert_equals\n%' THEN
        RAISE;
      END IF;
  END;

  -- NUMERIC

  PERFORM pgunit.assert_equals(1.1::numeric, 1.1::numeric, _message);

  BEGIN
    PERFORM pgunit.assert_equals(1.1::numeric, 1.2::numeric, _message);
    RAISE EXCEPTION 'Epic fail. Line: 56';
  EXCEPTION
    WHEN others THEN
      IF SQLERRM NOT ILIKE E'#assert_equals\n%' THEN
        RAISE;
      END IF;
  END;

  -- VARCHAR

  PERFORM pgunit.assert_equals('1.1'::varchar, '1.1'::varchar, _message);

  BEGIN
    PERFORM pgunit.assert_equals('1.1'::varchar, '1.1 '::varchar, _message);
    RAISE EXCEPTION 'Epic fail. Line: 70';
  EXCEPTION
    WHEN others THEN
      IF SQLERRM NOT ILIKE E'#assert_equals\n%' THEN
        RAISE;
      END IF;
  END;

  -- TEXT

  PERFORM pgunit.assert_equals('1.1'::text, '1.1'::text, _message);

  BEGIN
    PERFORM pgunit.assert_equals('1.1'::text, '1.1 '::text, _message);
    RAISE EXCEPTION 'Epic fail. Line: 84';
  EXCEPTION
    WHEN others THEN
      IF SQLERRM NOT ILIKE E'#assert_equals\n%' THEN
        RAISE;
      END IF;
  END;
END;
$$;


ALTER FUNCTION pgunit.test_assert_equals() OWNER TO postgres;

--
-- TOC entry 258 (class 1255 OID 41425)
-- Name: test_assert_false(); Type: FUNCTION; Schema: pgunit; Owner: postgres
--

CREATE FUNCTION test_assert_false() RETURNS void
    LANGUAGE plpgsql
    AS $$
DECLARE

  _message  varchar;
BEGIN
  _message := 'qazwsxedc';

  PERFORM pgunit.assert_false(False, _message);

  BEGIN
    PERFORM pgunit.assert_false(True, _message);
    RAISE EXCEPTION 'Epic fail. Line: 16';
  EXCEPTION
    WHEN others THEN
      IF SQLERRM NOT ILIKE E'#assert_false\n%' THEN
        RAISE;
      END IF;
  END;

  BEGIN
    PERFORM pgunit.assert_false(NULL::boolean, _message);
    RAISE EXCEPTION 'Epic fail. Line: 26';
  EXCEPTION
    WHEN others THEN
      IF SQLERRM NOT ILIKE E'#assert_false\n%' THEN
        RAISE;
      END IF;
  END;

END;
$$;


ALTER FUNCTION pgunit.test_assert_false() OWNER TO postgres;

--
-- TOC entry 259 (class 1255 OID 41426)
-- Name: test_assert_not_null(); Type: FUNCTION; Schema: pgunit; Owner: postgres
--

CREATE FUNCTION test_assert_not_null() RETURNS void
    LANGUAGE plpgsql
    AS $$
DECLARE

  _message  varchar;
BEGIN
  _message := 'qazwsxedc';

  -- INT4

  PERFORM pgunit.assert_not_null(1::int4, _message);

  BEGIN
    PERFORM pgunit.assert_not_null(NULL::int4, _message);
    RAISE EXCEPTION 'Epic fail. Line: 18';
  EXCEPTION
    WHEN others THEN
      IF SQLERRM NOT ILIKE E'#assert_not_null\n%' THEN
        RAISE;
      END IF;
  END;

  -- INT8

  PERFORM pgunit.assert_not_null(1::int8, _message);

  BEGIN
    PERFORM pgunit.assert_not_null(NULL::int8, _message);
    RAISE EXCEPTION 'Epic fail. Line: 32';
  EXCEPTION
    WHEN others THEN
      IF SQLERRM NOT ILIKE E'#assert_not_null\n%' THEN
        RAISE;
      END IF;
  END;

  -- NUMERIC

  PERFORM pgunit.assert_not_null(1.1::numeric, _message);

  BEGIN
    PERFORM pgunit.assert_not_null(NULL::numeric, _message);
    RAISE EXCEPTION 'Epic fail. Line: 46';
  EXCEPTION
    WHEN others THEN
      IF SQLERRM NOT ILIKE E'#assert_not_null\n%' THEN
        RAISE;
      END IF;
  END;

  -- VARCHAR

  PERFORM pgunit.assert_not_null('1.1'::varchar, _message);

  BEGIN
    PERFORM pgunit.assert_not_null(NULL::varchar, _message);
    RAISE EXCEPTION 'Epic fail. Line: 60';
  EXCEPTION
    WHEN others THEN
      IF SQLERRM NOT ILIKE E'#assert_not_null\n%' THEN
        RAISE;
      END IF;
  END;

  -- TEXT

  PERFORM pgunit.assert_not_null('1.1'::text, _message);

  BEGIN
    PERFORM pgunit.assert_not_null(NULL::text, _message);
    RAISE EXCEPTION 'Epic fail. Line: 74';
  EXCEPTION
    WHEN others THEN
      IF SQLERRM NOT ILIKE E'#assert_not_null\n%' THEN
        RAISE;
      END IF;
  END;
END;
$$;


ALTER FUNCTION pgunit.test_assert_not_null() OWNER TO postgres;

--
-- TOC entry 260 (class 1255 OID 41427)
-- Name: test_assert_null(); Type: FUNCTION; Schema: pgunit; Owner: postgres
--

CREATE FUNCTION test_assert_null() RETURNS void
    LANGUAGE plpgsql
    AS $$
DECLARE

  _message  varchar;
BEGIN
  _message := 'qazwsxedc';

  -- INT4

  PERFORM pgunit.assert_null(NULL::int4, _message);

  BEGIN
    PERFORM pgunit.assert_null(1::int4, _message);
    RAISE EXCEPTION 'Epic fail. Line: 18';
  EXCEPTION
    WHEN others THEN
      IF SQLERRM NOT ILIKE E'#assert_null\n%' THEN
        RAISE;
      END IF;
  END;

  -- INT8

  PERFORM pgunit.assert_null(NULL::int8, _message);


  BEGIN
    PERFORM pgunit.assert_null(1::int8, _message);
    RAISE EXCEPTION 'Epic fail. Line: 33';
  EXCEPTION
    WHEN others THEN
      IF SQLERRM NOT ILIKE E'#assert_null\n%' THEN
        RAISE;
      END IF;
  END;

  -- NUMERIC

  PERFORM pgunit.assert_null(NULL::numeric, _message);

  BEGIN
    PERFORM pgunit.assert_null(1.1::numeric, _message);
    RAISE EXCEPTION 'Epic fail. Line: 47';
  EXCEPTION
    WHEN others THEN
      IF SQLERRM NOT ILIKE E'#assert_null\n%' THEN
        RAISE;
      END IF;
  END;

  -- VARCHAR

  PERFORM pgunit.assert_null(NULL::varchar, _message);

  BEGIN
    PERFORM pgunit.assert_null('1.1'::varchar, _message);
    RAISE EXCEPTION 'Epic fail. Line: 61';
  EXCEPTION
    WHEN others THEN
      IF SQLERRM NOT ILIKE E'#assert_null\n%' THEN
        RAISE;
      END IF;
  END;

  -- TEXT

  PERFORM pgunit.assert_null(NULL::text, _message);

  BEGIN
    PERFORM pgunit.assert_null('1.1'::text, _message);
    RAISE EXCEPTION 'Epic fail. Line: 75';
  EXCEPTION
    WHEN others THEN
      IF SQLERRM NOT ILIKE E'#assert_null\n%' THEN
        RAISE;
      END IF;
  END;
END;
$$;


ALTER FUNCTION pgunit.test_assert_null() OWNER TO postgres;

--
-- TOC entry 261 (class 1255 OID 41428)
-- Name: test_assert_true(); Type: FUNCTION; Schema: pgunit; Owner: postgres
--

CREATE FUNCTION test_assert_true() RETURNS void
    LANGUAGE plpgsql
    AS $$
DECLARE
  _message  varchar;
BEGIN
  _message := 'qazwsxedc';

  PERFORM pgunit.assert_true(True, _message);

  BEGIN
    PERFORM pgunit.assert_true(False, _message);
    RAISE EXCEPTION 'Epic fail. Line: 16';
  EXCEPTION
    WHEN others THEN
      IF SQLERRM NOT ILIKE E'#assert_true\n%' THEN
        RAISE;
      END IF;
  END;

  BEGIN
    PERFORM pgunit.assert_true(NULL::boolean, _message);
    RAISE EXCEPTION 'Epic fail. Line: 26';
  EXCEPTION
    WHEN others THEN
      IF SQLERRM NOT ILIKE E'#assert_true\n%' THEN
        RAISE;
      END IF;
  END;
END;
$$;


ALTER FUNCTION pgunit.test_assert_true() OWNER TO postgres;

--
-- TOC entry 262 (class 1255 OID 41429)
-- Name: test_fail(); Type: FUNCTION; Schema: pgunit; Owner: postgres
--

CREATE FUNCTION test_fail() RETURNS void
    LANGUAGE plpgsql
    AS $$
DECLARE
  _message  text;
BEGIN
  _message := 'qazwxedc';
  BEGIN
    PERFORM pgunit.fail(_message);
    RAISE EXCEPTION 'Epic fail. Line: 14';
  EXCEPTION
    WHEN others THEN
      IF SQLERRM NOT ILIKE E'#fail\n%' THEN
        RAISE;
      END IF;
  END;
END;
$$;


ALTER FUNCTION pgunit.test_fail() OWNER TO postgres;

SET search_path = tests, pg_catalog;

--
-- TOC entry 263 (class 1255 OID 41430)
-- Name: _load_data(); Type: FUNCTION; Schema: tests; Owner: postgres
--

CREATE FUNCTION _load_data() RETURNS void
    LANGUAGE plpgsql
    AS $$
BEGIN

  --SET search_path = component, pg_catalog;
  INSERT INTO inventory.assembly VALUES ('11.31.050-001', 1, '11с31п-50х40', '2017-10-21', 'ASSEMBLY');
  INSERT INTO inventory.assembly VALUES ('11.32.050-001', 1, '11с32п-50х40', '2017-10-21', 'ASSEMBLY');
  INSERT INTO inventory.assembly VALUES ('11.33.050-001', 1, '11с33п-50х40', '2017-10-21', 'ASSEMBLY');
  INSERT INTO inventory.assembly VALUES ('80.31.050-001', 1, 'Крпс-089,0х109,0', '2017-10-21', 'ASSEMBLY');
  INSERT INTO inventory.assembly VALUES ('82.31.050-001', 1, 'Рчк-250х20', '2017-10-21', 'ASSEMBLY');

  INSERT INTO inventory.buyable VALUES ('Гайка М12', 1, 'Гайка-М12', '2017-10-21', 'BUYABLE');

  INSERT INTO inventory.part VALUES ('22.16.050-001', 1, 'КТ33-50х40', '2017-10-21', 'PART');
  INSERT INTO inventory.part VALUES ('22.25.050-001', 1, 'КТ32-50х40', '2017-10-21', 'PART');
  INSERT INTO inventory.part VALUES ('40.31.050-001', 1, 'Птрб-057,0х126,0', '2017-10-21', 'PART');
  INSERT INTO inventory.part VALUES ('40.32.050-001', 1, 'Птрб-057,0х074,0', '2017-10-21', 'PART');
  INSERT INTO inventory.part VALUES ('40.33.050-001', 1, 'Птрб-057,0х054,0', '2017-10-21', 'PART');
  INSERT INTO inventory.part VALUES ('41.31.050-001', 1, 'Крпс-089,0х109,0', '2017-10-21', 'PART');
  INSERT INTO inventory.part VALUES ('42.01.050-001', 1, 'Ббшк-022,0х044,0', '2017-10-21', 'PART');
  INSERT INTO inventory.part VALUES ('50.01.050-001', 1, 'Втлк-050,0х039,0', '2017-10-21', 'PART');
  INSERT INTO inventory.part VALUES ('60.01.050-001', 1, 'ШП-068,0х052,5', '2017-10-21', 'PART');
  INSERT INTO inventory.part VALUES ('51.01.050-001', 1, 'Пржн-050,6х042,0', '2017-10-21', 'PART');
  INSERT INTO inventory.part VALUES ('61.01.050-001', 1, 'Штк-013,3х075,0', '2017-10-21', 'PART');
  INSERT INTO inventory.part VALUES ('52.01.050-001', 1, 'Шйб-051,0х042,6', '2017-10-21', 'PART');
  INSERT INTO inventory.part VALUES ('70.01.050-001', 1, 'Ф4-051,5х041,7х11,0', '2017-10-21', 'PART');
  INSERT INTO inventory.part VALUES ('71.02.050-001', 1, 'Кршк-ПП-50', '2017-10-21', 'PART');
  INSERT INTO inventory.part VALUES ('71.03.050-001', 1, 'Зглш-ПП-50', '2017-10-21', 'PART');
  INSERT INTO inventory.part VALUES ('55.31.050-001', 1, 'Рчк-250х20', '2017-10-21', 'PART');
  INSERT INTO inventory.part VALUES ('53.01.004-001', 1, 'Штфт-4', '2017-10-21', 'PART');
  INSERT INTO inventory.part VALUES ('70.04.020-001', 1, 'Клц-20', '2017-10-21', 'PART');
  INSERT INTO inventory.part VALUES ('72.01.009-001', 1, 'Клц-009', '2017-10-21', 'PART');
  INSERT INTO inventory.part VALUES ('42.02.022-001', 1, 'Втлк-Р-50х18', '2017-10-21', 'PART');

  --SET search_path = ebom, pg_catalog;
  INSERT INTO ebom.information VALUES (1, DEFAULT, '11.31.050-001', 1, '11с31п-50х40: information', '2017-10-23');
  INSERT INTO ebom.definition VALUES (1, DEFAULT, '11с31п-50х40: definition', 1, '2017-10-21', NULL, NULL, 'PROPOSED', '2017-10-21 20:55:30.985148+03', 1);
  INSERT INTO ebom.assembly VALUES (1, '80.31.050-001', 1, 1.0000, 'pcs', 'ASSEMBLY');
  INSERT INTO ebom.assembly VALUES (1, '82.31.050-001', 1, 1.0000, 'pcs', 'ASSEMBLY');
  INSERT INTO ebom.buyable VALUES (1, 'Гайка М12', 1, 1.0000, 'pcs', 'BUYABLE');
  INSERT INTO ebom.part VALUES (1, '40.31.050-001', 1, 2.0000, 'pcs', 'PART');
  INSERT INTO ebom.part VALUES (1, '50.01.050-001', 1, 2.0000, 'pcs', 'PART');
  INSERT INTO ebom.part VALUES (1, '51.01.050-001', 1, 2.0000, 'pcs', 'PART');
  INSERT INTO ebom.part VALUES (1, '52.01.050-001', 1, 2.0000, 'pcs', 'PART');
  INSERT INTO ebom.part VALUES (1, '53.01.004-001', 1, 1.0000, 'pcs', 'PART');
  INSERT INTO ebom.part VALUES (1, '60.01.050-001', 1, 1.0000, 'pcs', 'PART');
  INSERT INTO ebom.part VALUES (1, '61.01.050-001', 1, 1.0000, 'pcs', 'PART');
  INSERT INTO ebom.part VALUES (1, '70.01.050-001', 1, 2.0000, 'pcs', 'PART');
  INSERT INTO ebom.part VALUES (1, '70.04.020-001', 1, 1.0000, 'pcs', 'PART');
  INSERT INTO ebom.part VALUES (1, '72.01.009-001', 1, 2.0000, 'pcs', 'PART');

  --SET search_path = material, pg_catalog;
  INSERT INTO inventory.consumable VALUES ('22.16.050-001', 1, 'КТ33-50х40', '2017-10-22', 'CONSUMABLE');
  INSERT INTO inventory.consumable VALUES ('22.25.050-001', 1, 'КТ32-50х40', '2017-10-22', 'CONSUMABLE');
  INSERT INTO inventory.consumable VALUES ('40.31.050-001', 1, 'Птрб-057,0х126,0', '2017-10-22', 'CONSUMABLE');
  INSERT INTO inventory.consumable VALUES ('40.32.050-001', 1, 'Птрб-057,0х074,0', '2017-10-22', 'CONSUMABLE');
  INSERT INTO inventory.consumable VALUES ('40.33.050-001', 1, 'Птрб-057,0х054,0', '2017-10-22', 'CONSUMABLE');
  INSERT INTO inventory.consumable VALUES ('41.31.050-001', 1, 'Крпс-089,0х109,0', '2017-10-22', 'CONSUMABLE');
  INSERT INTO inventory.consumable VALUES ('42.01.050-001', 1, 'Ббшк-022,0х044,0', '2017-10-22', 'CONSUMABLE');
  INSERT INTO inventory.consumable VALUES ('50.01.050-001', 1, 'Втлк-050,0х039,0', '2017-10-22', 'CONSUMABLE');
  INSERT INTO inventory.consumable VALUES ('60.01.050-001', 1, 'ШП-068,0х052,5', '2017-10-22', 'CONSUMABLE');
  INSERT INTO inventory.consumable VALUES ('51.01.050-001', 1, 'Пржн-050,6х042,0', '2017-10-22', 'CONSUMABLE');
  INSERT INTO inventory.consumable VALUES ('61.01.050-001', 1, 'Штк-013,3х075,0', '2017-10-22', 'CONSUMABLE');
  INSERT INTO inventory.consumable VALUES ('52.01.050-001', 1, 'Шйб-051,0х042,6', '2017-10-22', 'CONSUMABLE');
  INSERT INTO inventory.consumable VALUES ('70.01.050-001', 1, 'Ф4-051,5х041,7х11,0', '2017-10-22', 'CONSUMABLE');
  INSERT INTO inventory.consumable VALUES ('71.02.050-001', 1, 'Кршк-ПП-50', '2017-10-22', 'CONSUMABLE');
  INSERT INTO inventory.consumable VALUES ('71.03.050-001', 1, 'Зглш-ПП-50', '2017-10-22', 'CONSUMABLE');
  INSERT INTO inventory.consumable VALUES ('55.31.050-001', 1, 'Рчк-250х20', '2017-10-22', 'CONSUMABLE');
  INSERT INTO inventory.consumable VALUES ('53.01.004-001', 1, 'Штфт-4', '2017-10-22', 'CONSUMABLE');
  INSERT INTO inventory.consumable VALUES ('70.04.020-001', 1, 'Клц-20', '2017-10-22', 'CONSUMABLE');
  INSERT INTO inventory.consumable VALUES ('72.01.009-001', 1, 'Клц-009', '2017-10-22', 'CONSUMABLE');
  INSERT INTO inventory.consumable VALUES ('42.02.022-001', 1, 'Втлк-Р-50х18', '2017-10-22', 'CONSUMABLE');
  INSERT INTO inventory.consumable VALUES ('80.31.050-001', 1, 'Крпс-089,0х109,0', '2017-10-22', 'CONSUMABLE');
  INSERT INTO inventory.consumable VALUES ('82.31.050-001', 1, 'Рчк-250х20', '2017-10-22', 'CONSUMABLE');
  INSERT INTO inventory.consumable VALUES ('53.01.004-001.010', 1, 'Штфт-004,0х012,0', '2017-10-22', 'CONSUMABLE');
  INSERT INTO inventory.consumable VALUES ('40.31.050-001.010', 1, 'Птрб-057,0х126,0', '2017-10-22', 'CONSUMABLE');
  INSERT INTO inventory.consumable VALUES ('82.31.050-001.010', 1, 'Рчк-250х20', '2017-10-22', 'CONSUMABLE');
  INSERT INTO inventory.consumable VALUES ('40.32.050-001.010', 1, 'Птрб-057,0х074,0', '2017-10-22', 'CONSUMABLE');
  INSERT INTO inventory.consumable VALUES ('80.31.050-001.010', 1, 'Крпс-089,0х109,0', '2017-10-22', 'CONSUMABLE');
  INSERT INTO inventory.consumable VALUES ('60.01.050-001.020', 1, 'ШП-068,0х052,5', '2017-10-22', 'CONSUMABLE');
  INSERT INTO inventory.consumable VALUES ('22.25.050-001.030', 1, 'КТ32-50х40', '2017-10-22', 'CONSUMABLE');
  INSERT INTO inventory.consumable VALUES ('40.33.050-001.010', 1, 'Птрб-057,0х054,0', '2017-10-22', 'CONSUMABLE');
  INSERT INTO inventory.consumable VALUES ('51.01.050-001.010', 1, 'Пржн-050,6х042,0', '2017-10-22', 'CONSUMABLE');
  INSERT INTO inventory.consumable VALUES ('60.01.050-001.010', 1, 'ШП-068,0х052,5', '2017-10-22', 'CONSUMABLE');
  INSERT INTO inventory.consumable VALUES ('60.01.050-001.030', 1, 'ШП-068,0х052,5', '2017-10-22', 'CONSUMABLE');
  INSERT INTO inventory.consumable VALUES ('41.31.050-001.010', 1, 'Крпс-089,0х109,0', '2017-10-22', 'CONSUMABLE');
  INSERT INTO inventory.consumable VALUES ('41.31.050-001.020', 1, 'Крпс-089,0х109,0', '2017-10-22', 'CONSUMABLE');
  INSERT INTO inventory.consumable VALUES ('60.01.050-001.011', 1, 'ШП-068,0х052,5', '2017-10-22', 'CONSUMABLE');
  INSERT INTO inventory.consumable VALUES ('22.16.050-001.030', 1, 'КТ33-50х40', '2017-10-22', 'CONSUMABLE');
  INSERT INTO inventory.consumable VALUES ('Гайка М12', 1, 'Гайка М12', '2017-10-24', 'CONSUMABLE');

  INSERT INTO inventory.primal VALUES ('Квд-080х080-ст3ПС', 1, 'Квд-ст3ПС-080х080', '2017-10-22', 'PRIMAL');
  INSERT INTO inventory.primal VALUES ('Крг-004,0-ст45', 1, 'Крг-ст45-004,0', '2017-10-22', 'PRIMAL');
  INSERT INTO inventory.primal VALUES ('Крг-016-ст20Х13', 1, 'Крг-ст20Х13-016', '2017-10-22', 'PRIMAL');
  INSERT INTO inventory.primal VALUES ('Крг-022-ст20', 1, 'Крг-ст20-022', '2017-10-22', 'PRIMAL');
  INSERT INTO inventory.primal VALUES ('Лст-000,8-ст08Х17', 1, 'Лст-ст08Х17-000,8', '2017-10-22', 'PRIMAL');
  INSERT INTO inventory.primal VALUES ('Лст-001,0-ст08Х17', 1, 'Лст-ст08Х17-001,0', '2017-10-22', 'PRIMAL');
  INSERT INTO inventory.primal VALUES ('Лст-001,2-ст65Г', 1, 'Лст-ст65Г-001,2', '2017-10-22', 'PRIMAL');
  INSERT INTO inventory.primal VALUES ('Лст-003,0-ст3', 1, 'Лст-ст3-003,0', '2017-10-22', 'PRIMAL');
  INSERT INTO inventory.primal VALUES ('Лст-004,4-ст08Х17', 1, 'Лст-ст08Х17-004,4', '2017-10-22', 'PRIMAL');
  INSERT INTO inventory.primal VALUES ('ПЕ 15803-020', 1, 'ПЕ 15803-020', '2017-10-22', 'PRIMAL');
  INSERT INTO inventory.primal VALUES ('Плс-020х4-ст3', 1, 'Плс-ст3-020х4', '2017-10-22', 'PRIMAL');
  INSERT INTO inventory.primal VALUES ('Трб-057,0х03,5-ст20-Ш', 1, 'Трб-ст20-057,0х03,5-Ш', '2017-10-22', 'PRIMAL');
  INSERT INTO inventory.primal VALUES ('Трб-068,0х03,5-ст20Х13', 1, 'Трб-ст20Х13-068,0х03,5', '2017-10-22', 'PRIMAL');
  INSERT INTO inventory.primal VALUES ('Трб-068,0х04,0-ст20Х13', 1, 'Трб-ст20Х13-068,0х04,0', '2017-10-22', 'PRIMAL');
  INSERT INTO inventory.primal VALUES ('Трб-089,0х03,0-ст20-Ш', 1, 'Трб-ст20-089,0х03,0-Ш', '2017-10-22', 'PRIMAL');
  INSERT INTO inventory.primal VALUES ('Трб-089,0х03,5-ст20-Ш', 1, 'Трб-ст20-089,0х03,5-Ш', '2017-10-22', 'PRIMAL');
  INSERT INTO inventory.primal VALUES ('Ф-4', 1, 'Ф-4', '2017-10-22', 'PRIMAL');

  INSERT INTO inventory.producible VALUES ('22.16.050-001', 1, 'КТ33-50х40', '2017-10-22', 'PRODUCIBLE');
  INSERT INTO inventory.producible VALUES ('22.25.050-001', 1, 'КТ32-50х40', '2017-10-22', 'PRODUCIBLE');
  INSERT INTO inventory.producible VALUES ('40.31.050-001', 1, 'Птрб-057,0х126,0', '2017-10-22', 'PRODUCIBLE');
  INSERT INTO inventory.producible VALUES ('40.32.050-001', 1, 'Птрб-057,0х074,0', '2017-10-22', 'PRODUCIBLE');
  INSERT INTO inventory.producible VALUES ('40.33.050-001', 1, 'Птрб-057,0х054,0', '2017-10-22', 'PRODUCIBLE');
  INSERT INTO inventory.producible VALUES ('41.31.050-001', 1, 'Крпс-089,0х109,0', '2017-10-22', 'PRODUCIBLE');
  INSERT INTO inventory.producible VALUES ('42.01.050-001', 1, 'Ббшк-022,0х044,0', '2017-10-22', 'PRODUCIBLE');
  INSERT INTO inventory.producible VALUES ('50.01.050-001', 1, 'Втлк-050,0х039,0', '2017-10-22', 'PRODUCIBLE');
  INSERT INTO inventory.producible VALUES ('60.01.050-001', 1, 'ШП-068,0х052,5', '2017-10-22', 'PRODUCIBLE');
  INSERT INTO inventory.producible VALUES ('51.01.050-001', 1, 'Пржн-050,6х042,0', '2017-10-22', 'PRODUCIBLE');
  INSERT INTO inventory.producible VALUES ('61.01.050-001', 1, 'Штк-013,3х075,0', '2017-10-22', 'PRODUCIBLE');
  INSERT INTO inventory.producible VALUES ('52.01.050-001', 1, 'Шйб-051,0х042,6', '2017-10-22', 'PRODUCIBLE');
  INSERT INTO inventory.producible VALUES ('70.01.050-001', 1, 'Ф4-051,5х041,7х11,0', '2017-10-22', 'PRODUCIBLE');
  INSERT INTO inventory.producible VALUES ('71.02.050-001', 1, 'Кршк-ПП-50', '2017-10-22', 'PRODUCIBLE');
  INSERT INTO inventory.producible VALUES ('71.03.050-001', 1, 'Зглш-ПП-50', '2017-10-22', 'PRODUCIBLE');
  INSERT INTO inventory.producible VALUES ('55.31.050-001', 1, 'Рчк-250х20', '2017-10-22', 'PRODUCIBLE');
  INSERT INTO inventory.producible VALUES ('53.01.004-001', 1, 'Штфт-4', '2017-10-22', 'PRODUCIBLE');
  INSERT INTO inventory.producible VALUES ('70.04.020-001', 1, 'Клц-20', '2017-10-22', 'PRODUCIBLE');
  INSERT INTO inventory.producible VALUES ('72.01.009-001', 1, 'Клц-009', '2017-10-22', 'PRODUCIBLE');
  INSERT INTO inventory.producible VALUES ('42.02.022-001', 1, 'Втлк-Р-50х18', '2017-10-22', 'PRODUCIBLE');
  INSERT INTO inventory.producible VALUES ('11.31.050-001', 1, '11с31п-50х40', '2017-10-22', 'PRODUCIBLE');
  INSERT INTO inventory.producible VALUES ('11.32.050-001', 1, '11с32п-50х40', '2017-10-22', 'PRODUCIBLE');
  INSERT INTO inventory.producible VALUES ('11.33.050-001', 1, '11с33п-50х40', '2017-10-22', 'PRODUCIBLE');
  INSERT INTO inventory.producible VALUES ('80.31.050-001', 1, 'Крпс-089,0х109,0', '2017-10-22', 'PRODUCIBLE');
  INSERT INTO inventory.producible VALUES ('82.31.050-001', 1, 'Рчк-250х20', '2017-10-22', 'PRODUCIBLE');
  INSERT INTO inventory.producible VALUES ('53.01.004-001.010', 1, 'Штфт-004,0х012,0', '2017-10-22', 'PRODUCIBLE');
  INSERT INTO inventory.producible VALUES ('40.31.050-001.010', 1, 'Птрб-057,0х126,0', '2017-10-22', 'PRODUCIBLE');
  INSERT INTO inventory.producible VALUES ('82.31.050-001.010', 1, 'Рчк-250х20', '2017-10-22', 'PRODUCIBLE');
  INSERT INTO inventory.producible VALUES ('40.32.050-001.010', 1, 'Птрб-057,0х074,0', '2017-10-22', 'PRODUCIBLE');
  INSERT INTO inventory.producible VALUES ('80.31.050-001.010', 1, 'Крпс-089,0х109,0', '2017-10-22', 'PRODUCIBLE');
  INSERT INTO inventory.producible VALUES ('60.01.050-001.020', 1, 'ШП-068,0х052,5', '2017-10-22', 'PRODUCIBLE');
  INSERT INTO inventory.producible VALUES ('22.25.050-001.030', 1, 'КТ32-50х40', '2017-10-22', 'PRODUCIBLE');
  INSERT INTO inventory.producible VALUES ('40.33.050-001.010', 1, 'Птрб-057,0х054,0', '2017-10-22', 'PRODUCIBLE');
  INSERT INTO inventory.producible VALUES ('51.01.050-001.010', 1, 'Пржн-050,6х042,0', '2017-10-22', 'PRODUCIBLE');
  INSERT INTO inventory.producible VALUES ('60.01.050-001.010', 1, 'ШП-068,0х052,5', '2017-10-22', 'PRODUCIBLE');
  INSERT INTO inventory.producible VALUES ('60.01.050-001.030', 1, 'ШП-068,0х052,5', '2017-10-22', 'PRODUCIBLE');
  INSERT INTO inventory.producible VALUES ('41.31.050-001.010', 1, 'Крпс-089,0х109,0', '2017-10-22', 'PRODUCIBLE');
  INSERT INTO inventory.producible VALUES ('41.31.050-001.020', 1, 'Крпс-089,0х109,0', '2017-10-22', 'PRODUCIBLE');
  INSERT INTO inventory.producible VALUES ('60.01.050-001.011', 1, 'ШП-068,0х052,5', '2017-10-22', 'PRODUCIBLE');
  INSERT INTO inventory.producible VALUES ('22.16.050-001.030', 1, 'КТ33-50х40', '2017-10-22', 'PRODUCIBLE');

END;
$$;


ALTER FUNCTION tests._load_data() OWNER TO postgres;

--
-- TOC entry 264 (class 1255 OID 41432)
-- Name: _reset_data(); Type: FUNCTION; Schema: tests; Owner: postgres
--

CREATE FUNCTION _reset_data() RETURNS void
    LANGUAGE plpgsql
    AS $$
BEGIN
  /*
  SELECT 'TRUNCATE TABLE ' || table_schema || '.' ||table_name || ' CASCADE;'
  FROM information_schema.tables
  WHERE table_schema NOT IN ('pg_catalog', 'information_schema', 'public', 'tests', 'common')
  ORDER BY table_schema,table_name;
  */
  TRUNCATE TABLE binding.ebom_to_mbom CASCADE;
  TRUNCATE TABLE binding.ebom_to_product CASCADE;
  TRUNCATE TABLE binding.ebom_to_route CASCADE;
  TRUNCATE TABLE binding.mbom_to_operation CASCADE;
  TRUNCATE TABLE binding.mbom_to_product CASCADE;
  TRUNCATE TABLE binding.operation_to_product CASCADE;
  TRUNCATE TABLE binding.route_to_mbom CASCADE;
  TRUNCATE TABLE binding.route_to_operation CASCADE;
  TRUNCATE TABLE ebom.assembly CASCADE;
  TRUNCATE TABLE ebom.buyable CASCADE;
  TRUNCATE TABLE ebom.component CASCADE;
  TRUNCATE TABLE ebom.definition CASCADE;
  TRUNCATE TABLE ebom.information CASCADE;
  TRUNCATE TABLE ebom.part CASCADE;
  TRUNCATE TABLE inventory.information CASCADE;
  TRUNCATE TABLE inventory.salable CASCADE;
  TRUNCATE TABLE inventory.consumable CASCADE;
  TRUNCATE TABLE inventory.information CASCADE;
  TRUNCATE TABLE inventory.primal CASCADE;
  TRUNCATE TABLE inventory.producible CASCADE;
  TRUNCATE TABLE inventory.assembly CASCADE;
  TRUNCATE TABLE inventory.buyable CASCADE;
  TRUNCATE TABLE inventory.information CASCADE;
  TRUNCATE TABLE inventory.part CASCADE;
  TRUNCATE TABLE mbom.consumable CASCADE;
  TRUNCATE TABLE mbom.definition CASCADE;
  TRUNCATE TABLE mbom.information CASCADE;
  TRUNCATE TABLE mbom.material CASCADE;
  TRUNCATE TABLE mbom.primal CASCADE;
  TRUNCATE TABLE operation.consumable CASCADE;
  TRUNCATE TABLE operation.definition CASCADE;
  TRUNCATE TABLE operation.dependency CASCADE;
  TRUNCATE TABLE operation.equipment CASCADE;
  TRUNCATE TABLE operation.information CASCADE;
  TRUNCATE TABLE operation.material CASCADE;
  TRUNCATE TABLE operation.personnel CASCADE;
  TRUNCATE TABLE operation.primal CASCADE;
  TRUNCATE TABLE operation.segment CASCADE;
  TRUNCATE TABLE operation.tooling CASCADE;
  TRUNCATE TABLE product.consumable CASCADE;
  TRUNCATE TABLE product.definition CASCADE;
  TRUNCATE TABLE product.dependency CASCADE;
  TRUNCATE TABLE product.equipment CASCADE;
  TRUNCATE TABLE product.information CASCADE;
  TRUNCATE TABLE product.material CASCADE;
  TRUNCATE TABLE product.personnel CASCADE;
  TRUNCATE TABLE product.primal CASCADE;
  TRUNCATE TABLE product.segment CASCADE;
  TRUNCATE TABLE product.tooling CASCADE;
  TRUNCATE TABLE route.consumable CASCADE;
  TRUNCATE TABLE route.definition CASCADE;
  TRUNCATE TABLE route.information CASCADE;
  TRUNCATE TABLE route.location CASCADE;
  TRUNCATE TABLE route.primal CASCADE;
  TRUNCATE TABLE route.segment CASCADE;
  /*
  SELECT 'ALTER SEQUENCE ' || sequence_schema || '.' || sequence_name || ' RESTART WITH 1;'
  FROM information_schema.sequences
  WHERE sequence_catalog = 'mes' AND sequence_schema != 'common'
  ORDER by sequence_schema, sequence_name;
  */
  ALTER SEQUENCE ebom.definition_id_seq RESTART WITH 1;
  ALTER SEQUENCE ebom.information_id_seq RESTART WITH 1;
  ALTER SEQUENCE mbom.definition_id_seq RESTART WITH 1;
  ALTER SEQUENCE mbom.information_id_seq RESTART WITH 1;
  ALTER SEQUENCE operation.definition_id_seq RESTART WITH 1;
  ALTER SEQUENCE operation.information_id_seq RESTART WITH 1;
  ALTER SEQUENCE operation.segment_id_seq RESTART WITH 1;
  ALTER SEQUENCE product.definition_id_seq RESTART WITH 1;
  ALTER SEQUENCE product.information_id_seq RESTART WITH 1;
  ALTER SEQUENCE product.segment_id_seq RESTART WITH 1;
  ALTER SEQUENCE route.definition_id_seq RESTART WITH 1;
  ALTER SEQUENCE route.information_id_seq RESTART WITH 1;
END;
$$;


ALTER FUNCTION tests._reset_data() OWNER TO postgres;

--
-- TOC entry 265 (class 1255 OID 41433)
-- Name: _run_all(); Type: FUNCTION; Schema: tests; Owner: postgres
--

CREATE FUNCTION _run_all() RETURNS void
    LANGUAGE plpgsql
    AS $$
DECLARE
  _result text;
  _routines record;
  --_function_to_run text;
  _ok_count int DEFAULT 0;
  _error_count int DEFAULT 0;
  _failed_tests text[];
BEGIN
  SET search_path = tests, pg_catalog;
  SET client_min_messages = 'debug';
  FOR _routines IN
    SELECT
      routines.routine_name || '()' AS _function_to_run
    FROM
      information_schema.routines
    WHERE
      routines.specific_schema = 'tests' AND routines.routine_name like '\_\_%'
    ORDER BY
      routines.specific_schema, routines.routine_name
  LOOP
    _result := pgunit.run_test(_routines._function_to_run);
    RAISE NOTICE 'PERFORMING: % , RESULT: %', _routines._function_to_run, _result;
    IF (_result = '#OK') THEN
      _ok_count := _ok_count + 1;
    ELSE
      _error_count := _error_count + 1;
      _failed_tests := array_append(_failed_tests, _routines._function_to_run);
    END IF;
  END LOOP;
  RAISE NOTICE 'OK - %; ERROR - %;', _ok_count, _error_count;
  IF (_error_count > 0) THEN
  RAISE NOTICE 'FAILED: %;', _failed_tests;
  END IF;
END;
$$;


ALTER FUNCTION tests._run_all() OWNER TO postgres;

--
-- TOC entry 197 (class 1259 OID 41434)
-- Name: pgunit_covarage; Type: VIEW; Schema: tests; Owner: postgres
--

CREATE VIEW pgunit_covarage AS
 SELECT ((('__'::text || (routines.specific_schema)::text) || '__'::text) || (routines.routine_name)::text) AS _function_to_run
   FROM information_schema.routines
  WHERE (((routines.specific_schema)::text <> ALL (ARRAY[('tests'::character varying)::text, ('pgunit'::character varying)::text, ('public'::character varying)::text, ('pg_catalog'::character varying)::text, ('information_schema'::character varying)::text])) AND ((routines.routine_name)::text !~~ 'disall%'::text))
EXCEPT
 SELECT routines.routine_name AS _function_to_run
   FROM information_schema.routines
  WHERE (((routines.specific_schema)::text = 'tests'::text) AND ((routines.routine_name)::text ~~ '\_\_%'::text))
  ORDER BY 1;


ALTER TABLE pgunit_covarage OWNER TO postgres;

--
-- TOC entry 198 (class 1259 OID 41439)
-- Name: plpgsql_check_all; Type: VIEW; Schema: tests; Owner: postgres
--

CREATE VIEW plpgsql_check_all AS
 SELECT ((ss.pcf).functionid)::regprocedure AS functionid,
    (ss.pcf).lineno AS lineno,
    (ss.pcf).statement AS statement,
    (ss.pcf).sqlstate AS sqlstate,
    (ss.pcf).message AS message,
    (ss.pcf).detail AS detail,
    (ss.pcf).hint AS hint,
    (ss.pcf).level AS level,
    (ss.pcf)."position" AS "position",
    (ss.pcf).query AS query,
    (ss.pcf).context AS context
   FROM ( SELECT public.plpgsql_check_function_tb((pg_proc.oid)::regprocedure, (COALESCE(pg_trigger.tgrelid, (0)::oid))::regclass) AS pcf
           FROM (pg_proc
             LEFT JOIN pg_trigger ON ((pg_trigger.tgfoid = pg_proc.oid)))
          WHERE ((pg_proc.prolang = ( SELECT lang.oid
                   FROM pg_language lang
                  WHERE (lang.lanname = 'plpgsql'::name))) AND (pg_proc.pronamespace <> ( SELECT nsp.oid
                   FROM pg_namespace nsp
                  WHERE (nsp.nspname = 'pg_catalog'::name))) AND ((pg_proc.prorettype <> ( SELECT typ.oid
                   FROM pg_type typ
                  WHERE (typ.typname = 'trigger'::name))) OR (pg_trigger.tgfoid IS NOT NULL)))
         OFFSET 0) ss
  ORDER BY (((ss.pcf).functionid)::regprocedure)::text, (ss.pcf).lineno;


ALTER TABLE plpgsql_check_all OWNER TO postgres;

--
-- TOC entry 199 (class 1259 OID 41444)
-- Name: plpgsql_check_nontriggered; Type: VIEW; Schema: tests; Owner: postgres
--

CREATE VIEW plpgsql_check_nontriggered AS
 SELECT p.oid,
    p.proname,
    public.plpgsql_check_function((p.oid)::regprocedure) AS plpgsql_check_function
   FROM ((pg_namespace n
     JOIN pg_proc p ON ((p.pronamespace = n.oid)))
     JOIN pg_language l ON ((p.prolang = l.oid)))
  WHERE ((l.lanname = 'plpgsql'::name) AND (p.prorettype <> (2279)::oid));


ALTER TABLE plpgsql_check_nontriggered OWNER TO postgres;

-- Completed on 2018-02-12 14:13:59 EET

--
-- PostgreSQL database dump complete
--

